Region,Year,data_min,data_max,q_min,q_max,n_total,n_plotted
global,1901,-0.45500000000000007,1.6700000000000017,-0.45500000000000007,1.6700000000000017,3,3
global,1902,-2.5450000000000017,-0.16999999999999993,-2.5450000000000017,-0.16999999999999993,3,3
global,1903,0.20000000000000018,2.0900000000000016,0.20000000000000018,2.0900000000000016,3,3
global,1904,0.5449999999999999,3.0700000000000003,0.5449999999999999,3.0700000000000003,4,4
global,1905,-7.744969999999995,0.07500000000000018,-7.744969999999995,0.07500000000000018,7,7
global,1906,-33.092130000000004,9.153139999999997,-33.092130000000004,9.153139999999997,246,246
global,1907,-9.505189999999999,7.744970000000002,-9.505189999999999,7.744970000000002,346,346
global,1908,-23.2349,9.153144000000001,-23.2349,9.153144000000001,483,483
global,1909,-13.731240000000003,18.656812,-13.731240000000003,18.656812,478,478
global,1910,-15.66672,8.589265999999999,-15.66672,8.589265999999999,372,372
global,1911,-17.25016,12.673584,-17.25016,12.673584,470,470
global,1912,-14.78585,16.89811,-14.78585,16.89811,523,523
global,1913,-15.8435,16.194020000000002,-15.8435,16.194020000000002,420,420
global,1914,-76.19999999999999,13.929358,-76.19999999999999,13.929358,325,325
global,1915,-60.959999999999994,13.731243999999998,-60.959999999999994,13.731243999999998,219,219
global,1916,-97.53600000000002,11.265412000000001,-97.53600000000002,11.265412000000001,177,177
global,1917,-82.29599999999999,12.191980000000001,-82.29599999999999,12.191980000000001,131,131
global,1918,-6.4008,23.4696,-6.4008,23.4696,90,90
global,1919,-4.83108,9.15314,-4.83108,9.15314,67,67
global,1920,-7.13232,6.52272,-7.13232,6.52272,46,46
global,1921,-6.530000000000001,6.4008,-6.530000000000001,6.4008,62,62
global,1922,-2.129999999999999,3.383279999999999,-2.129999999999999,3.383279999999999,60,60
global,1923,-8.534399999999998,6.065519999999999,-8.534399999999998,6.065519999999999,48,48
global,1924,-4.437887999999999,4.3149999999999995,-4.437887999999999,4.3149999999999995,62,62
global,1925,-3.41376,3.5052000000000003,-3.41376,3.5052000000000003,83,83
global,1926,-3.7338000000000005,4.358639999999999,-3.7338000000000005,4.358639999999999,123,123
global,1927,-9.204959999999998,18.013679999999997,-9.204959999999998,18.013679999999997,165,165
global,1928,-76.19999999999993,4.267199999999999,-76.19999999999993,4.267199999999999,147,147
global,1929,-6.659880000000001,6.797040000000001,-6.659880000000001,6.797040000000001,234,234
global,1930,-8.139684,8.055860000000003,-8.139684,8.055860000000003,417,417
global,1931,-5.696719999999999,15.23238,-5.696719999999999,15.23238,693,693
global,1932,-9.153150000000002,20.314920000000004,-9.153150000000002,20.314920000000004,856,856
global,1933,-5.733288,19.690080000000002,-5.733288,19.690080000000002,814,814
global,1934,-13.68552,6.120380000000001,-13.68552,6.120380000000001,851,851
global,1935,-10.27176,14.46886,-10.27176,14.46886,1092,1092
global,1936,-16.977359999999997,10.634469999999993,-16.977359999999997,10.634469999999993,1521,1521
global,1937,-15.148560000000003,15.182089999999999,-15.148560000000003,15.182089999999999,2144,2144
global,1938,-21.87854,41.910000000000004,-21.87854,41.910000000000004,3021,3021
global,1939,-9.488429999999994,10.11936,-9.488429999999994,10.11936,3770,3770
global,1940,-23.195279999999997,7.985759999999999,-23.195279999999997,7.985759999999999,4345,4345
global,1941,-15.58138,28.326590000000003,-15.58138,28.326590000000003,4669,4669
global,1942,-17.026129999999995,27.370999999999995,-17.026129999999995,27.370999999999995,4653,4653
global,1943,-26.822400000000002,14.417039999999997,-26.822400000000002,14.417039999999997,4524,4524
global,1944,-22.86,18.048740000000002,-22.86,18.048740000000002,4637,4637
global,1945,-9.659120000000001,25.145999999999994,-9.659120000000001,25.145999999999994,4678,4678
global,1946,-30.05328,19.912588,-30.05328,19.912588,4692,4692
global,1947,-21.97303,18.22704,-21.97303,18.22704,5672,5672
global,1948,-32.9946,17.678399999999996,-32.9946,17.678399999999996,6694,6694
global,1949,-29.565599999999996,21.21408,-29.565599999999996,21.21408,7661,7661
global,1950,-23.094700000000003,59.43599999999999,-23.094700000000003,59.43599999999999,8997,8997
global,1951,-33.528,36.09442,-33.528,36.09442,9503,9503
global,1952,-31.083499999999994,33.13175999999999,-31.083499999999994,33.13175999999999,9794,9794
global,1953,-24.384,21.9456,-24.384,21.9456,10348,10348
global,1954,-38.10000000000001,22.789900000000003,-38.10000000000001,22.789900000000003,10988,10988
global,1955,-42.702476000000004,26.822400000000002,-42.702476000000004,26.822400000000002,11712,11712
global,1956,-29.76067,21.9456,-29.76067,21.9456,12131,12131
global,1957,-39.319199999999995,27.61488,-39.319199999999995,27.61488,13506,13506
global,1958,-36.89757999999999,43.26941,-36.89757999999999,43.26941,14671,14671
global,1959,-38.099999999999994,37.94760000000001,-38.099999999999994,37.94760000000001,15393,15393
global,1960,-89.15095,37.984179999999995,-89.15095,37.984179999999995,15230,15230
global,1961,-45.76877,97.03155600000001,-45.76877,97.03155600000001,15618,15618
global,1962,-44.5008,43.26941000000001,-44.5008,43.26941000000001,16228,16228
global,1963,-56.11825,22.09186000000001,-56.11825,22.09186000000001,17368,17368
global,1964,-66.99503999999999,34.71672,-66.99503999999999,34.71672,18190,18190
global,1965,-45.98522,41.818560000000005,-45.98522,41.818560000000005,19124,19124
global,1966,-39.16833,18.86712,-39.16833,18.86712,20889,20889
global,1967,-56.59377,39.194230000000005,-56.59377,39.194230000000005,22634,22634
global,1968,-57.637679999999996,49.206908,-57.637679999999996,49.206908,23850,23850
global,1969,-63.71845,93.57360000000006,-63.71845,93.57360000000006,24828,24828
global,1970,-46.207679999999996,55.473599999999976,-46.207679999999996,55.473599999999976,25559,25559
global,1971,-50.67304,78.79079999999999,-50.67304,78.79079999999999,26313,26313
global,1972,-47.71340000000001,57.45479999999998,-47.71340000000001,57.45479999999998,26652,26652
global,1973,-41.86428,88.39200000000002,-41.86428,88.39200000000002,27038,27038
global,1974,-69.09206,62.94882,-69.09206,62.94882,27612,27612
global,1975,-67.05599999999998,64.61760000000001,-67.05599999999998,64.61760000000001,29955,29955
global,1976,-63.246,52.76088,-63.246,52.76088,31660,31660
global,1977,-54.864000000000004,59.89319999999999,-54.864000000000004,59.89319999999999,33181,33181
global,1978,-89.83220000000001,68.65925000000001,-89.83220000000001,68.65925000000001,34251,34251
global,1979,-47.112939999999995,50.292,-47.112939999999995,50.292,34637,34637
global,1980,-73.14281,56.72634,-73.14281,56.72634,34311,34311
global,1981,-73.89880000000001,92.14714,-73.89880000000001,92.14714,33960,33960
global,1982,-41.01390000000001,93.098114,-41.01390000000001,93.098114,34557,34557
global,1983,-40.233599999999996,64.6176,-40.233599999999996,64.6176,33617,33617
global,1984,-55.168800000000005,60.04559999999999,-55.168800000000005,60.04559999999999,33844,33844
global,1985,-58.216800000000006,58.98640999999999,-58.216800000000006,58.98640999999999,34753,34753
global,1986,-57.454800000000006,51.267360000000004,-57.454800000000006,51.267360000000004,34454,34454
global,1987,-80.25992,64.31280000000001,-80.25992,64.31280000000001,35255,35255
global,1988,-36.67049,74.96864,-36.67049,74.96864,35563,35563
global,1989,-62.788799999999995,59.094600000000014,-62.788799999999995,59.094600000000014,36195,36195
global,1990,-54.863999999999976,43.61993,-54.863999999999976,43.61993,36074,36074
global,1991,-61.04230000000001,59.43599999999998,-61.04230000000001,59.43599999999998,35581,35581
global,1992,-78.02879999999999,50.398669999999996,-78.02879999999999,50.398669999999996,34975,34975
global,1993,-53.644800000000004,65.34607999999999,-53.644800000000004,65.34607999999999,33760,33760
global,1994,-89.22866,72.84719999999999,-89.22866,72.84719999999999,33712,33712
global,1995,-55.07736,62.7888,-55.07736,62.7888,33051,33051
global,1996,-63.23079999999999,88.84920000000002,-63.23079999999999,88.84920000000002,32392,32392
global,1997,-72.33514,69.49,-72.33514,69.49,32205,32205
global,1998,-59.58839999999999,82.32957000000002,-59.58839999999999,82.32957000000002,32472,32472
global,1999,-52.1208,71.55787,-52.1208,71.55787,31260,31260
global,2000,-76.68154000000001,45.72000000000003,-76.68154000000001,45.72000000000003,31060,31060
global,2001,-73.55738,66.14160000000001,-73.55738,66.14160000000001,33260,33260
global,2002,-69.26584,58.286919999999995,-69.26584,58.286919999999995,44139,44139
global,2003,-46.901120000000006,79.83935,-46.901120000000006,79.83935,66728,66728
global,2004,-80.37576000000001,49.423320000000004,-80.37576000000001,49.423320000000004,72318,72318
global,2005,-62.78880000000001,80.707992,-62.78880000000001,80.707992,76462,76462
global,2006,-70.34788,96.78924,-70.34788,96.78924,91254,91254
global,2007,-52.254999999999995,80.82679999999999,-52.254999999999995,80.82679999999999,93403,93403
global,2008,-88.17558,57.805310000000006,-88.17558,57.805310000000006,94404,94404
global,2009,-72.75879999999998,86.95638,-72.75879999999998,86.95638,93325,93325
global,2010,-74.44736,70.56119999999999,-74.44736,70.56119999999999,90557,90557
global,2011,-54.025000000000006,61.26480000000004,-54.025000000000006,61.26480000000004,87774,87774
global,2012,-54.254400000000004,47.995000000000005,-54.254400000000004,47.995000000000005,85034,85034
global,2013,-53.80177,54.67199999999998,-53.80177,54.67199999999998,78350,78350
global,2014,-56.32709999999997,74.0771,-56.32709999999997,74.0771,71356,71356
global,2015,-91.38213,76.33259000000001,-91.38213,76.33259000000001,64519,64519
global,2016,-64.61760000000001,42.367200000000004,-64.61760000000001,42.367200000000004,59011,59011
global,2017,-93.08590000000004,54.796899999999994,-93.08590000000004,54.796899999999994,57274,57274
global,2018,-45.84954,61.493399999999994,-45.84954,61.493399999999994,54692,54692
global,2019,-45.72,46.667930000000005,-45.72,46.667930000000005,52095,52095
global,2020,-43.70832,50.56,-43.70832,50.56,47754,47754
global,2021,-45.17138,36.47541,-45.17138,36.47541,40937,40937
global,2022,-46.997110000000006,74.43220000000002,-46.997110000000006,74.43220000000002,36450,36450
US,1905,-7.744969999999995,-5.6311800000000005,-7.744969999999995,-5.6311800000000005,3,3
US,1906,-33.092130000000004,9.153139999999997,-33.092130000000004,9.153139999999997,242,242
US,1907,-9.505189999999999,7.744970000000002,-9.505189999999999,7.744970000000002,342,342
US,1908,-23.2349,9.153144000000001,-23.2349,9.153144000000001,478,478
US,1909,-13.731240000000003,18.656812,-13.731240000000003,18.656812,473,473
US,1910,-15.66672,8.589265999999999,-15.66672,8.589265999999999,367,367
US,1911,-17.25016,12.673584,-17.25016,12.673584,460,460
US,1912,-14.78585,16.89811,-14.78585,16.89811,512,512
US,1913,-15.8435,16.194020000000002,-15.8435,16.194020000000002,409,409
US,1914,-76.19999999999999,13.929358,-76.19999999999999,13.929358,314,314
US,1915,-60.959999999999994,13.731243999999998,-60.959999999999994,13.731243999999998,212,212
US,1916,-97.53600000000002,11.265412000000001,-97.53600000000002,11.265412000000001,170,170
US,1917,-82.29599999999999,12.191980000000001,-82.29599999999999,12.191980000000001,124,124
US,1918,-6.4008,23.4696,-6.4008,23.4696,83,83
US,1919,-4.83108,9.15314,-4.83108,9.15314,61,61
US,1920,-7.13232,6.52272,-7.13232,6.52272,35,35
US,1921,-3.77952,6.4008,-3.77952,6.4008,51,51
US,1922,-1.9049999999999976,3.383279999999999,-1.9049999999999976,3.383279999999999,54,54
US,1923,-8.534399999999998,6.065519999999999,-8.534399999999998,6.065519999999999,42,42
US,1924,-4.437887999999999,1.8288000000000002,-4.437887999999999,1.8288000000000002,48,48
US,1925,-3.41376,3.5052000000000003,-3.41376,3.5052000000000003,69,69
US,1926,-3.7338000000000005,4.358639999999999,-3.7338000000000005,4.358639999999999,109,109
US,1927,-9.204959999999998,18.013679999999997,-9.204959999999998,18.013679999999997,149,149
US,1928,-76.19999999999993,4.267199999999999,-76.19999999999993,4.267199999999999,132,132
US,1929,-6.659880000000001,6.797040000000001,-6.659880000000001,6.797040000000001,218,218
US,1930,-8.139684,8.055860000000003,-8.139684,8.055860000000003,397,397
US,1931,-5.696719999999999,15.23238,-5.696719999999999,15.23238,670,670
US,1932,-9.153150000000002,20.314920000000004,-9.153150000000002,20.314920000000004,834,834
US,1933,-5.733288,19.690080000000002,-5.733288,19.690080000000002,786,786
US,1934,-13.68552,6.120380000000001,-13.68552,6.120380000000001,822,822
US,1935,-10.27176,14.46886,-10.27176,14.46886,1063,1063
US,1936,-16.977359999999997,10.634469999999993,-16.977359999999997,10.634469999999993,1491,1491
US,1937,-15.148560000000003,15.182089999999999,-15.148560000000003,15.182089999999999,2111,2111
US,1938,-21.87854,41.910000000000004,-21.87854,41.910000000000004,2985,2985
US,1939,-9.488429999999994,10.11936,-9.488429999999994,10.11936,3727,3727
US,1940,-23.195279999999997,7.985759999999999,-23.195279999999997,7.985759999999999,4300,4300
US,1941,-15.58138,28.326590000000003,-15.58138,28.326590000000003,4623,4623
US,1942,-17.026129999999995,27.370999999999995,-17.026129999999995,27.370999999999995,4603,4603
US,1943,-26.822400000000002,14.417039999999997,-26.822400000000002,14.417039999999997,4470,4470
US,1944,-22.86,18.048740000000002,-22.86,18.048740000000002,4579,4579
US,1945,-9.659120000000001,25.145999999999994,-9.659120000000001,25.145999999999994,4618,4618
US,1946,-30.05328,19.912588,-30.05328,19.912588,4633,4633
US,1947,-21.97303,18.22704,-21.97303,18.22704,5602,5602
US,1948,-32.9946,17.678399999999996,-32.9946,17.678399999999996,6611,6611
US,1949,-29.565599999999996,21.21408,-29.565599999999996,21.21408,7572,7572
US,1950,-23.094700000000003,59.43599999999999,-23.094700000000003,59.43599999999999,8889,8889
US,1951,-33.528,36.09442,-33.528,36.09442,9349,9349
US,1952,-31.083499999999994,33.13175999999999,-31.083499999999994,33.13175999999999,9584,9584
US,1953,-24.384,21.9456,-24.384,21.9456,10115,10115
US,1954,-38.10000000000001,22.789900000000003,-38.10000000000001,22.789900000000003,10732,10732
US,1955,-42.702476000000004,26.822400000000002,-42.702476000000004,26.822400000000002,11417,11417
US,1956,-29.76067,21.9456,-29.76067,21.9456,11805,11805
US,1957,-39.319199999999995,27.61488,-39.319199999999995,27.61488,13160,13160
US,1958,-36.89757999999999,43.26941,-36.89757999999999,43.26941,14302,14302
US,1959,-38.099999999999994,37.94760000000001,-38.099999999999994,37.94760000000001,14994,14994
US,1960,-89.15095,37.984179999999995,-89.15095,37.984179999999995,14818,14818
US,1961,-45.76877,97.03155600000001,-45.76877,97.03155600000001,15199,15199
US,1962,-44.5008,43.26941000000001,-44.5008,43.26941000000001,15764,15764
US,1963,-56.11825,22.09186000000001,-56.11825,22.09186000000001,16868,16868
US,1964,-66.99503999999999,34.71672,-66.99503999999999,34.71672,17671,17671
US,1965,-45.98522,41.818560000000005,-45.98522,41.818560000000005,18564,18564
US,1966,-39.16833,18.86712,-39.16833,18.86712,20295,20295
US,1967,-56.59377,39.194230000000005,-56.59377,39.194230000000005,21945,21945
US,1968,-57.637679999999996,49.206908,-57.637679999999996,49.206908,22993,22993
US,1969,-63.71845,93.57360000000006,-63.71845,93.57360000000006,23812,23812
US,1970,-46.207679999999996,55.473599999999976,-46.207679999999996,55.473599999999976,24334,24334
US,1971,-50.67304,78.79079999999999,-50.67304,78.79079999999999,24785,24785
US,1972,-47.71340000000001,57.45479999999998,-47.71340000000001,57.45479999999998,24967,24967
US,1973,-41.86428,88.39200000000002,-41.86428,88.39200000000002,25118,25118
US,1974,-69.09206,62.94882,-69.09206,62.94882,25684,25684
US,1975,-67.05599999999998,64.61760000000001,-67.05599999999998,64.61760000000001,27377,27377
US,1976,-63.246,52.76088,-63.246,52.76088,29023,29023
US,1977,-54.864000000000004,59.89319999999999,-54.864000000000004,59.89319999999999,30483,30483
US,1978,-89.83220000000001,68.65925000000001,-89.83220000000001,68.65925000000001,31427,31427
US,1979,-47.112939999999995,50.292,-47.112939999999995,50.292,31637,31637
US,1980,-73.14281,56.72634,-73.14281,56.72634,31299,31299
US,1981,-73.89880000000001,92.14714,-73.89880000000001,92.14714,30997,30997
US,1982,-41.01390000000001,93.098114,-41.01390000000001,93.098114,31599,31599
US,1983,-40.233599999999996,64.6176,-40.233599999999996,64.6176,30707,30707
US,1984,-55.168800000000005,60.04559999999999,-55.168800000000005,60.04559999999999,31149,31149
US,1985,-58.216800000000006,58.98640999999999,-58.216800000000006,58.98640999999999,31948,31948
US,1986,-57.454800000000006,51.267360000000004,-57.454800000000006,51.267360000000004,31514,31514
US,1987,-80.25992,64.31280000000001,-80.25992,64.31280000000001,32444,32444
US,1988,-36.67049,74.96864,-36.67049,74.96864,32929,32929
US,1989,-62.788799999999995,59.094600000000014,-62.788799999999995,59.094600000000014,33639,33639
US,1990,-54.863999999999976,43.61993,-54.863999999999976,43.61993,33521,33521
US,1991,-61.04230000000001,59.43599999999998,-61.04230000000001,59.43599999999998,33001,33001
US,1992,-78.02879999999999,50.398669999999996,-78.02879999999999,50.398669999999996,32351,32351
US,1993,-53.644800000000004,65.34607999999999,-53.644800000000004,65.34607999999999,31063,31063
US,1994,-89.22866,72.84719999999999,-89.22866,72.84719999999999,30935,30935
US,1995,-55.07736,62.7888,-55.07736,62.7888,30249,30249
US,1996,-63.23079999999999,88.84920000000002,-63.23079999999999,88.84920000000002,29652,29652
US,1997,-72.33514,51.81599999999999,-72.33514,51.81599999999999,29377,29377
US,1998,-59.58839999999999,82.32957000000002,-59.58839999999999,82.32957000000002,29500,29500
US,1999,-52.1208,71.55787,-52.1208,71.55787,28106,28106
US,2000,-76.68154000000001,45.72000000000003,-76.68154000000001,45.72000000000003,27730,27730
US,2001,-73.55738,66.14160000000001,-73.55738,66.14160000000001,29639,29639
US,2002,-69.26584,58.286919999999995,-69.26584,58.286919999999995,40492,40492
US,2003,-46.901120000000006,79.83935,-46.901120000000006,79.83935,62848,62848
US,2004,-80.37576000000001,49.423320000000004,-80.37576000000001,49.423320000000004,68358,68358
US,2005,-62.78880000000001,80.707992,-62.78880000000001,80.707992,72229,72229
US,2006,-70.34788,96.78924,-70.34788,96.78924,86832,86832
US,2007,-38.099999999999994,80.82679999999999,-38.099999999999994,80.82679999999999,88980,88980
US,2008,-88.17558,57.805310000000006,-88.17558,57.805310000000006,89870,89870
US,2009,-72.75879999999998,86.95638,-72.75879999999998,86.95638,88771,88771
US,2010,-74.44736,70.56119999999999,-74.44736,70.56119999999999,85946,85946
US,2011,-49.92624,61.26480000000004,-49.92624,61.26480000000004,82936,82936
US,2012,-54.254400000000004,37.49040000000001,-54.254400000000004,37.49040000000001,79949,79949
US,2013,-53.80177,54.67199999999998,-53.80177,54.67199999999998,73448,73448
US,2014,-56.32709999999997,74.0771,-56.32709999999997,74.0771,64972,64972
US,2015,-91.38213,76.33259000000001,-91.38213,76.33259000000001,58100,58100
US,2016,-64.61760000000001,42.367200000000004,-64.61760000000001,42.367200000000004,53195,53195
US,2017,-93.08590000000004,54.796899999999994,-93.08590000000004,54.796899999999994,50974,50974
US,2018,-45.84954,61.493399999999994,-45.84954,61.493399999999994,48529,48529
US,2019,-45.72,46.667930000000005,-45.72,46.667930000000005,46217,46217
US,2020,-43.70832,34.1376,-43.70832,34.1376,43510,43510
US,2021,-45.17138,36.47541,-45.17138,36.47541,40539,40539
US,2022,-46.997110000000006,74.43220000000002,-46.997110000000006,74.43220000000002,36326,36326
Europe,1901,-0.45500000000000007,1.6700000000000017,-0.45500000000000007,1.6700000000000017,3,3
Europe,1902,-2.5450000000000017,-0.16999999999999993,-2.5450000000000017,-0.16999999999999993,3,3
Europe,1903,0.20000000000000018,2.0900000000000016,0.20000000000000018,2.0900000000000016,3,3
Europe,1904,0.5449999999999999,3.0700000000000003,0.5449999999999999,3.0700000000000003,4,4
Europe,1905,-3.25,0.07500000000000018,-3.25,0.07500000000000018,4,4
Europe,1906,0.3349999999999991,2.59,0.3349999999999991,2.59,4,4
Europe,1907,-2.3499999999999996,-0.09999999999999964,-2.3499999999999996,-0.09999999999999964,4,4
Europe,1908,-1.8899999999999988,0.04999999999999982,-1.8899999999999988,0.04999999999999982,5,5
Europe,1909,0.0,0.7799999999999994,0.0,0.7799999999999994,5,5
Europe,1910,0.9750000000000001,5.25,0.9750000000000001,5.25,5,5
Europe,1911,-0.7749999999999999,0.3200000000000003,-0.7749999999999999,0.3200000000000003,5,5
Europe,1912,-1.5500000000000007,0.22000000000000064,-1.5500000000000007,0.22000000000000064,5,5
Europe,1913,0.10000000000000009,1.1300000000000008,0.10000000000000009,1.1300000000000008,5,5
Europe,1914,-1.4800000000000004,0.39999999999999947,-1.4800000000000004,0.39999999999999947,5,5
Europe,1915,-0.3100000000000005,-0.3100000000000005,-0.3410000000000005,-0.27900000000000047,1,1
Europe,1916,2.1799999999999997,2.1799999999999997,1.9619999999999997,2.3979999999999997,1,1
Europe,1917,1.7200000000000006,1.7200000000000006,1.5480000000000005,1.8920000000000008,1,1
Europe,1918,-2.83,-2.83,-3.113,-2.547,1,1
Europe,1919,-0.8800000000000008,-0.8800000000000008,-0.9680000000000009,-0.7920000000000007,1,1
Europe,1920,-0.6750000000000007,2.8200000000000003,-0.6750000000000007,2.8200000000000003,6,6
Europe,1921,-6.530000000000001,-0.7449999999999992,-6.530000000000001,-0.7449999999999992,6,6
Europe,1922,-2.129999999999999,0.25,-2.129999999999999,0.25,6,6
Europe,1923,0.3500000000000001,4.664999999999999,0.3500000000000001,4.664999999999999,6,6
Europe,1924,-2.205000000000002,4.3149999999999995,-2.205000000000002,4.3149999999999995,11,11
Europe,1925,-0.63,1.8850000000000016,-0.63,1.8850000000000016,11,11
Europe,1926,-2.655000000000001,0.8200000000000001,-2.655000000000001,0.8200000000000001,11,11
Europe,1927,-2.5549999999999997,1.5750000000000028,-2.5549999999999997,1.5750000000000028,11,11
Europe,1928,-0.6500000000000021,3.5,-0.6500000000000021,3.5,10,10
Europe,1929,-4.635,1.8000000000000007,-4.635,1.8000000000000007,10,10
Europe,1930,-1.1999999999999993,0.9800000000000004,-1.1999999999999993,0.9800000000000004,13,13
Europe,1931,-1.0,4.5,-1.0,4.5,16,16
Europe,1932,-4.399999999999999,1.8000000000000007,-4.399999999999999,1.8000000000000007,17,17
Europe,1933,-1.5,2.5,-1.5,2.5,19,19
Europe,1934,-3.539999999999999,1.8249999999999993,-3.539999999999999,1.8249999999999993,20,20
Europe,1935,-3.4550000000000054,2.594999999999999,-3.4550000000000054,2.594999999999999,20,20
Europe,1936,-3.0749999999999993,6.784999999999998,-3.0749999999999993,6.784999999999998,20,20
Europe,1937,-0.8000000000000007,2.795000000000001,-0.8000000000000007,2.795000000000001,20,20
Europe,1938,-4.16,1.8000000000000007,-4.16,1.8000000000000007,21,21
Europe,1939,-1.5,1.5199999999999996,-1.5,1.5199999999999996,21,21
Europe,1940,-1.0499999999999972,2.5999999999999996,-1.0499999999999972,2.5999999999999996,18,18
Europe,1941,-2.8,1.4749999999999979,-2.8,1.4749999999999979,19,19
Europe,1942,-3.664999999999999,1.9000000000000021,-3.664999999999999,1.9000000000000021,21,21
Europe,1943,-2.0600000000000023,1.5499999999999972,-2.0600000000000023,1.5499999999999972,21,21
Europe,1944,-3.6999999999999957,2.075000000000003,-3.6999999999999957,2.075000000000003,21,21
Europe,1945,-5.725000000000001,6.450000000000001,-5.725000000000001,6.450000000000001,20,20
Europe,1946,-2.119999999999999,1.75,-2.119999999999999,1.75,21,21
Europe,1947,-2.469999999999999,0.8499999999999996,-2.469999999999999,0.8499999999999996,20,20
Europe,1948,-4.850000000000001,4.300000000000001,-4.850000000000001,4.300000000000001,20,20
Europe,1949,-4.050000000000001,2.5500000000000007,-4.050000000000001,2.5500000000000007,22,22
Europe,1950,-2.0,3.0,-2.0,3.0,33,33
Europe,1951,-0.4500000000000002,4.895,-0.4500000000000002,4.895,35,35
Europe,1952,-6.68,5.199999999999999,-6.68,5.199999999999999,35,35
Europe,1953,-6.400000000000002,2.0299999999999976,-6.400000000000002,2.0299999999999976,37,37
Europe,1954,-5.5,5.695,-5.5,5.695,58,58
Europe,1955,-1.9699999999999998,3.894999999999996,-1.9699999999999998,3.894999999999996,73,73
Europe,1956,-3.7900000000000063,1.4100000000000001,-3.7900000000000063,1.4100000000000001,102,102
Europe,1957,-3.025000000000002,3.45,-3.025000000000002,3.45,108,108
Europe,1958,-5.515000000000001,3.9599999999999937,-5.515000000000001,3.9599999999999937,120,120
Europe,1959,-4.260000000000005,5.904999999999999,-4.260000000000005,5.904999999999999,143,143
Europe,1960,-13.934999999999999,4.52,-13.934999999999999,4.52,152,152
Europe,1961,-6.550000000000001,8.400000000000002,-6.550000000000001,8.400000000000002,156,156
Europe,1962,-7.5,4.955,-7.5,4.955,188,188
Europe,1963,-7.0600000000000005,3.3000000000000007,-7.0600000000000005,3.3000000000000007,215,215
Europe,1964,-6.17,2.0999999999999996,-6.17,2.0999999999999996,233,233
Europe,1965,-3.849999999999998,9.14,-3.849999999999998,9.14,279,279
Europe,1966,-11.849999999999998,17.605,-11.849999999999998,17.605,339,339
Europe,1967,-9.149999999999999,4.164999999999999,-9.149999999999999,4.164999999999999,406,406
Europe,1968,-6.039999999999999,6.000000000000002,-6.039999999999999,6.000000000000002,510,510
Europe,1969,-5.68,4.25,-5.68,4.25,694,694
Europe,1970,-16.96,8.935000000000002,-16.96,8.935000000000002,819,819
Europe,1971,-16.205000000000002,13.75,-16.205000000000002,13.75,1098,1098
Europe,1972,-6.655000000000001,8.100000000000001,-6.655000000000001,8.100000000000001,1230,1230
Europe,1973,-7.045,10.924999999999999,-7.045,10.924999999999999,1358,1358
Europe,1974,-10.055000000000001,9.329999999999998,-10.055000000000001,9.329999999999998,1410,1410
Europe,1975,-12.0,14.6,-12.0,14.6,1638,1638
Europe,1976,-20.12,25.54,-20.12,25.54,1675,1675
Europe,1977,-20.049999999999997,9.329999999999998,-20.049999999999997,9.329999999999998,1712,1712
Europe,1978,-11.6,12.629999999999999,-11.6,12.629999999999999,1770,1770
Europe,1979,-9.865,16.549999999999997,-9.865,16.549999999999997,1823,1823
Europe,1980,-7.7,6.799999999999999,-7.7,6.799999999999999,1829,1829
Europe,1981,-14.18,21.58,-14.18,21.58,1792,1792
Europe,1982,-24.855,10.459999999999994,-24.855,10.459999999999994,1839,1839
Europe,1983,-11.099999999999994,8.949999999999989,-11.099999999999994,8.949999999999989,1862,1862
Europe,1984,-10.02,10.67,-10.02,10.67,1668,1668
Europe,1985,-20.755,12.150000000000002,-20.755,12.150000000000002,1703,1703
Europe,1986,-19.54,20.65,-19.54,20.65,1743,1743
Europe,1987,-19.269999999999996,15.290000000000003,-19.269999999999996,15.290000000000003,1711,1711
Europe,1988,-18.134999999999998,15.694999999999997,-18.134999999999998,15.694999999999997,1795,1795
Europe,1989,-23.909999999999997,14.170000000000002,-23.909999999999997,14.170000000000002,1808,1808
Europe,1990,-26.45,7.125000000000002,-26.45,7.125000000000002,1848,1848
Europe,1991,-13.899999999999999,17.699999999999996,-13.899999999999999,17.699999999999996,1880,1880
Europe,1992,-10.544999999999998,21.130000000000003,-10.544999999999998,21.130000000000003,1913,1913
Europe,1993,-19.549999999999997,11.870000000000001,-19.549999999999997,11.870000000000001,1943,1943
Europe,1994,-16.619999999999997,43.900000000000034,-16.619999999999997,43.900000000000034,2019,2019
Europe,1995,-26.310000000000002,39.764999999999986,-26.310000000000002,39.764999999999986,2121,2121
Europe,1996,-22.819999999999993,37.400000000000006,-22.819999999999993,37.400000000000006,2196,2196
Europe,1997,-19.39,69.49,-19.39,69.49,2232,2232
Europe,1998,-16.810000000000002,44.614999999999995,-16.810000000000002,44.614999999999995,2325,2325
Europe,1999,-29.57,24.835,-29.57,24.835,2449,2449
Europe,2000,-24.200000000000003,29.86,-24.200000000000003,29.86,2458,2458
Europe,2001,-16.89,23.224999999999994,-16.89,23.224999999999994,2711,2711
Europe,2002,-18.060000000000002,22.310000000000002,-18.060000000000002,22.310000000000002,2771,2771
Europe,2003,-29.03,21.15,-29.03,21.15,2888,2888
Europe,2004,-28.05,11.739999999999995,-28.05,11.739999999999995,2969,2969
Europe,2005,-23.045,10.81,-23.045,10.81,3147,3147
Europe,2006,-21.810000000000002,34.44,-21.810000000000002,34.44,3294,3294
Europe,2007,-52.254999999999995,68.87,-52.254999999999995,68.87,3311,3311
Europe,2008,-73.545,47.535,-73.545,47.535,3386,3386
Europe,2009,-22.400000000000006,36.754999999999995,-22.400000000000006,36.754999999999995,3442,3442
Europe,2010,-27.94,29.895000000000003,-27.94,29.895000000000003,3525,3525
Europe,2011,-54.025000000000006,8.55,-54.025000000000006,8.55,3805,3805
Europe,2012,-25.049999999999997,47.995000000000005,-25.049999999999997,47.995000000000005,4078,4078
Europe,2013,-13.449999999999989,25.035000000000004,-13.449999999999989,25.035000000000004,3836,3836
Europe,2014,-28.960000000000008,11.649999999999999,-28.960000000000008,11.649999999999999,5475,5475
Europe,2015,-10.405000000000001,11.765,-10.405000000000001,11.765,5522,5522
Europe,2016,-26.669999999999998,14.099999999999994,-26.669999999999998,14.099999999999994,4799,4799
Europe,2017,-18.400000000000006,12.855000000000004,-18.400000000000006,12.855000000000004,5272,5272
Europe,2018,-12.105,34.360000000000014,-12.105,34.360000000000014,5236,5236
Europe,2019,-27.51,12.93,-27.51,12.93,5106,5106
Europe,2020,-10.069999999999999,50.56,-10.069999999999999,50.56,3732,3732
Europe,2021,-2.7350000000000003,18.889999999999986,-2.7350000000000003,18.889999999999986,283,283
Europe,2022,-0.15000000000000036,0.9299999999999997,-0.15000000000000036,0.9299999999999997,18,18
